image_path,center_x,center_y,temperature_c,bbox_x_min,bbox_y_min,bbox_x_max,bbox_y_max,label_quality,temperature_source,bbox_source
captured_images/ann_13-00-52.png,128.0,147.0,30.0,0,0,224,224,board_labeled,merged_geometry_board_manifest.csv,merged_geometry_board_manifest.csv
captured_images/ann_13-10-33.png,129.0,147.0,,,,,,center_only,,
captured_images/ann_18-48-42.png,128.0,148.0,,,,,,center_only,,
captured_images/ann_18-53-38.png,125.0,128.0,35.0,0,0,224,224,board_labeled,merged_geometry_board_manifest.csv,merged_geometry_board_manifest.csv
captured_images/ann_18-54-51.png,128.0,116.0,,,,,,center_only,,
captured_images/ann_18-56-43.png,115.0,122.0,,,,,,center_only,,
captured_images/big_18-53-38.png,130.0,115.0,35.0,0,0,224,224,board_labeled,merged_geometry_board_manifest.csv,merged_geometry_board_manifest.csv
captured_images/big_18-54-51.png,224.0,224.0,,,,,,center_only,,
captured_images/big_18-56-04.png,100.0,118.0,,,,,,center_only,,
captured_images/big_18-56-43.png,100.0,118.0,,,,,,center_only,,
captured_images/biglook_18-54-51.png,130.0,115.0,,,,,,center_only,,
captured_images/capture_0003_preview.png,114.2,93.4,,,,,,center_only,,
captured_images/capture_0004_preview.png,112.6,115.7,,,,,,center_only,,
captured_images/capture_0005_preview.png,128.0,128.0,,,,,,center_only,,
captured_images/capture_0006_preview.png,131.5,114.8,,,,,,center_only,,
captured_images/capture_0007.gray.png,125.0,130.0,18.0,0,0,224,224,board_labeled,merged_geometry_board_manifest.csv,merged_geometry_board_manifest.csv
captured_images/capture_0007.png,75.0,127.0,18.0,0,0,224,224,board_labeled,merged_geometry_board_manifest.csv,merged_geometry_board_manifest.csv
captured_images/capture_0007_uyvy.png,129.7,102.0,18.0,0,0,224,224,board_labeled,merged_geometry_board_manifest.csv,merged_geometry_board_manifest.csv
captured_images/capture_0007_yuy2.png,134.0,131.0,18.0,0,0,224,224,board_labeled,merged_geometry_board_manifest.csv,merged_geometry_board_manifest.csv
captured_images/capture_0008.gray.png,131.0,127.0,22.0,0,0,224,224,board_labeled,merged_geometry_board_manifest.csv,merged_geometry_board_manifest.csv
captured_images/capture_0008.png,131.0,127.0,22.0,0,0,224,224,board_labeled,merged_geometry_board_manifest.csv,merged_geometry_board_manifest.csv
captured_images/capture_0008_preview.png,131.0,127.0,22.0,0,0,224,224,board_labeled,merged_geometry_board_manifest.csv,merged_geometry_board_manifest.csv
captured_images/capture_0073.gray.png,95.0,164.0,46.0,0,0,224,224,board_labeled,merged_geometry_board_manifest.csv,merged_geometry_board_manifest.csv
captured_images/capture_0073.png,95.0,164.0,46.0,0,0,224,224,board_labeled,merged_geometry_board_manifest.csv,merged_geometry_board_manifest.csv
captured_images/capture_0074.gray.png,111.0,110.0,0.0,0,0,224,224,board_labeled,merged_geometry_board_manifest.csv,merged_geometry_board_manifest.csv
captured_images/capture_0074.png,101.0,121.0,0.0,0,0,224,224,board_labeled,merged_geometry_board_manifest.csv,merged_geometry_board_manifest.csv
captured_images/capture_0075.png,100.0,99.0,19.0,0,0,224,224,board_labeled,merged_geometry_board_manifest.csv,merged_geometry_board_manifest.csv
captured_images/capture_0c.png,142.0,120.0,0.0,0,0,224,224,board_labeled,merged_geometry_board_manifest.csv,merged_geometry_board_manifest.csv
captured_images/capture_0c_preview.png,130.0,115.0,0.0,0,0,224,224,board_labeled,merged_geometry_board_manifest.csv,merged_geometry_board_manifest.csv
captured_images/capture_2026-04-03_08-11-24.gray.png,167.0,193.0,45.0,0,0,224,224,board_labeled,manual_visual_review,manual_visual_review
captured_images/capture_2026-04-03_08-11-24.png,167.0,193.0,45.0,0,0,224,224,board_labeled,manual_visual_review,manual_visual_review
captured_images/capture_2026-04-03_08-15-32.gray.png,100.0,94.0,45.0,0,0,224,224,board_labeled,manual_visual_review,manual_visual_review
captured_images/capture_2026-04-03_08-15-32.png,100.0,94.0,45.0,0,0,224,224,board_labeled,manual_visual_review,manual_visual_review
captured_images/capture_2026-04-03_08-19-26.gray.png,117.0,111.0,45.0,0,0,224,224,board_labeled,manual_visual_review,manual_visual_review
captured_images/capture_2026-04-03_08-19-26.png,117.0,111.0,45.0,0,0,224,224,board_labeled,manual_visual_review,manual_visual_review
captured_images/capture_2026-04-03_08-20-49.gray.png,116.0,105.0,45.0,0,0,224,224,board_labeled,merged_geometry_board_manifest.csv,merged_geometry_board_manifest.csv
captured_images/capture_2026-04-03_08-20-49.png,116.0,105.0,45.0,0,0,224,224,board_labeled,merged_geometry_board_manifest.csv,merged_geometry_board_manifest.csv
captured_images/capture_2026-04-03_11-43-02.gray.png,115.0,109.0,0.0,0,0,224,224,board_labeled,merged_geometry_board_manifest.csv,merged_geometry_board_manifest.csv
captured_images/capture_2026-04-03_11-43-02.png,115.0,109.0,0.0,0,0,224,224,board_labeled,merged_geometry_board_manifest.csv,merged_geometry_board_manifest.csv
captured_images/capture_2026-04-03_11-44-35.gray.png,100.0,110.0,35.0,0,0,224,224,board_labeled,manual_visual_review,manual_visual_review
captured_images/capture_2026-04-03_11-44-35.png,100.0,110.0,35.0,0,0,224,224,board_labeled,manual_visual_review,manual_visual_review
captured_images/capture_2026-04-03_13-48-34.png,97.0,142.0,30.0,0,0,224,224,board_labeled,merged_geometry_board_manifest.csv,merged_geometry_board_manifest.csv
captured_images/capture_2026-04-03_15-28-33.png,53.0,100.0,35.0,0,0,224,224,board_labeled,merged_geometry_board_manifest.csv,merged_geometry_board_manifest.csv
captured_images/capture_2026-04-03_15-29-02.png,112.0,112.0,35.0,0,0,224,224,board_labeled,manual_visual_review,manual_visual_review
captured_images/capture_2026-04-03_15-46-04.png,137.0,86.0,19.0,0,0,224,224,board_labeled,merged_geometry_board_manifest.csv,merged_geometry_board_manifest.csv
captured_images/capture_2026-04-03_15-46-31.png,112.0,112.0,19.0,0,0,224,224,board_labeled,manual_visual_review,manual_visual_review
captured_images/capture_2026-04-15_11-29-40.png,115.0,94.0,22.0,32.28,32.82,214.83,187.88,board_labeled,canonical_manifest_v1.csv,rectified_crop_boxes_full_scalar_v1.csv
captured_images/capture_2026-04-15_11-32-55.png,115.0,93.0,22.0,32.31,32.86,214.93,187.98,board_labeled,canonical_manifest_v1.csv,rectified_crop_boxes_full_scalar_v1.csv
captured_images/capture_2026-04-15_13-08-57.png,95.0,121.0,0.0,0,0,224,224,board_labeled,merged_geometry_board_manifest.csv,merged_geometry_board_manifest.csv
captured_images/capture_2026-04-15_13-10-35.png,95.0,121.0,22.0,23.00,57.64,178.91,180.79,board_labeled,canonical_manifest_v1.csv,rectified_crop_boxes_full_scalar_v1.csv
captured_images/capture_2026-04-15_13-12-13.png,95.0,121.0,22.0,23.00,57.64,178.91,180.79,board_labeled,canonical_manifest_v1.csv,rectified_crop_boxes_full_scalar_v1.csv
captured_images/capture_2026-04-15_13-13-50.png,95.0,121.0,22.0,23.00,57.64,178.91,180.79,board_labeled,canonical_manifest_v1.csv,rectified_crop_boxes_full_scalar_v1.csv
captured_images/capture_2026-04-15_13-15-28.png,95.0,121.0,22.0,23.00,57.64,178.91,180.79,board_labeled,canonical_manifest_v1.csv,rectified_crop_boxes_full_scalar_v1.csv
captured_images/capture_2026-04-15_13-17-07.png,95.0,121.0,22.0,23.00,57.64,178.91,180.79,board_labeled,canonical_manifest_v1.csv,rectified_crop_boxes_full_scalar_v1.csv
captured_images/capture_2026-04-15_13-18-44.png,95.0,121.0,22.0,23.00,57.64,178.91,180.79,board_labeled,canonical_manifest_v1.csv,rectified_crop_boxes_full_scalar_v1.csv
captured_images/capture_2026-04-15_13-22-10.png,95.0,121.0,22.0,23.00,57.64,178.91,180.79,board_labeled,canonical_manifest_v1.csv,rectified_crop_boxes_full_scalar_v1.csv
captured_images/capture_2026-04-15_13-25-27.png,97.0,103.0,22.0,23.00,57.64,178.91,180.79,board_labeled,canonical_manifest_v1.csv,rectified_crop_boxes_full_scalar_v1.csv
captured_images/capture_2026-04-15_13-27-05.png,98.0,106.0,22.0,23.00,57.64,178.91,180.79,board_labeled,canonical_manifest_v1.csv,rectified_crop_boxes_full_scalar_v1.csv
captured_images/capture_2026-04-15_13-28-42.png,98.0,106.0,22.0,23.00,57.64,178.91,180.79,board_labeled,canonical_manifest_v1.csv,rectified_crop_boxes_full_scalar_v1.csv
captured_images/capture_2026-04-15_13-30-20.png,95.0,121.0,22.0,23.00,57.64,178.91,180.79,board_labeled,canonical_manifest_v1.csv,rectified_crop_boxes_full_scalar_v1.csv
captured_images/capture_2026-04-15_13-31-58.png,97.0,103.0,22.0,23.00,57.64,178.91,180.79,board_labeled,canonical_manifest_v1.csv,rectified_crop_boxes_full_scalar_v1.csv
captured_images/capture_2026-04-15_13-33-37.png,95.0,121.0,22.0,23.00,57.64,178.91,180.79,board_labeled,canonical_manifest_v1.csv,rectified_crop_boxes_full_scalar_v1.csv
captured_images/capture_2026-04-15_13-35-15.png,95.0,121.0,22.0,23.00,57.64,178.91,180.79,board_labeled,canonical_manifest_v1.csv,rectified_crop_boxes_full_scalar_v1.csv
captured_images/capture_2026-04-15_13-36-53.png,95.0,127.0,22.0,23.00,57.64,178.91,180.79,board_labeled,canonical_manifest_v1.csv,rectified_crop_boxes_full_scalar_v1.csv
captured_images/capture_2026-04-15_13-38-31.png,95.0,122.0,22.0,23.00,57.64,178.91,180.79,board_labeled,canonical_manifest_v1.csv,rectified_crop_boxes_full_scalar_v1.csv
captured_images/capture_2026-04-15_13-40-07.png,95.0,122.0,22.0,12.19,39.90,220.08,219.42,board_labeled,canonical_manifest_v1.csv,rectified_crop_boxes_full_scalar_v1.csv
captured_images/capture_2026-04-15_13-41-46.png,95.0,121.0,22.0,23.00,57.64,178.91,180.79,board_labeled,canonical_manifest_v1.csv,rectified_crop_boxes_full_scalar_v1.csv
captured_images/capture_2026-04-15_13-43-24.png,98.0,106.0,22.0,23.00,57.64,178.91,180.79,board_labeled,canonical_manifest_v1.csv,rectified_crop_boxes_full_scalar_v1.csv
captured_images/capture_2026-04-15_13-45-03.png,95.0,121.0,22.0,23.00,57.64,178.91,180.79,board_labeled,canonical_manifest_v1.csv,rectified_crop_boxes_full_scalar_v1.csv
captured_images/capture_2026-04-15_13-46-41.png,97.0,106.0,22.0,23.00,57.64,178.91,180.79,board_labeled,canonical_manifest_v1.csv,rectified_crop_boxes_full_scalar_v1.csv
captured_images/capture_2026-04-15_13-48-19.png,97.0,106.0,22.0,23.00,57.64,178.91,180.79,board_labeled,canonical_manifest_v1.csv,rectified_crop_boxes_full_scalar_v1.csv
captured_images/capture_2026-04-15_13-49-57.png,97.0,106.0,22.0,23.00,57.64,178.91,180.79,board_labeled,canonical_manifest_v1.csv,rectified_crop_boxes_full_scalar_v1.csv
captured_images/capture_2026-04-15_13-51-36.png,95.0,121.0,22.0,23.00,57.64,178.91,180.79,board_labeled,canonical_manifest_v1.csv,rectified_crop_boxes_full_scalar_v1.csv
captured_images/capture_2026-04-15_13-53-14.png,95.0,121.0,22.0,23.00,57.64,178.91,180.79,board_labeled,canonical_manifest_v1.csv,rectified_crop_boxes_full_scalar_v1.csv
captured_images/capture_2026-04-15_13-54-53.png,95.0,121.0,22.0,23.00,57.64,178.91,180.79,board_labeled,canonical_manifest_v1.csv,rectified_crop_boxes_full_scalar_v1.csv
captured_images/capture_2026-04-15_14-10-06.png,97.0,121.0,22.0,23.00,57.64,178.91,180.79,board_labeled,canonical_manifest_v1.csv,rectified_crop_boxes_full_scalar_v1.csv
captured_images/capture_2026-04-18_13-18-53.png,118.0,121.0,32.0,0,0,224,224,board_labeled,merged_geometry_board_manifest.csv,merged_geometry_board_manifest.csv
captured_images/capture_2026-04-18_13-21-46.png,127.0,100.0,17.0,17.77,39.84,218.49,215.61,board_labeled,canonical_manifest_v1.csv,rectified_crop_boxes_full_scalar_v1.csv
captured_images/capture_2026-04-18_13-23-37.png,110.0,131.0,17.0,0.00,46.89,197.61,215.47,board_labeled,canonical_manifest_v1.csv,rectified_crop_boxes_full_scalar_v1.csv
captured_images/capture_2026-04-18_13-26-34.png,129.0,123.0,17.0,23.00,57.64,178.91,180.79,board_labeled,canonical_manifest_v1.csv,rectified_crop_boxes_full_scalar_v1.csv
captured_images/capture_2026-04-18_13-28-35.png,127.0,100.0,17.0,11.75,39.91,219.57,217.96,board_labeled,canonical_manifest_v1.csv,rectified_crop_boxes_full_scalar_v1.csv
captured_images/capture_2026-04-18_13-31-09.png,110.0,131.0,17.0,23.00,57.64,178.91,180.79,board_labeled,canonical_manifest_v1.csv,rectified_crop_boxes_full_scalar_v1.csv
captured_images/capture_2026-04-18_13-33-01.png,128.0,124.0,17.0,23.00,57.64,178.91,180.79,board_labeled,canonical_manifest_v1.csv,rectified_crop_boxes_full_scalar_v1.csv
captured_images/capture_2026-04-18_13-35-17.png,125.0,104.0,17.0,15.19,40.33,219.82,217.86,board_labeled,canonical_manifest_v1.csv,rectified_crop_boxes_full_scalar_v1.csv
captured_images/capture_2026-04-18_13-37-09.png,118.0,122.0,17.0,17.49,40.75,219.92,217.06,board_labeled,canonical_manifest_v1.csv,rectified_crop_boxes_full_scalar_v1.csv
captured_images/capture_2026-04-18_13-39-01.png,123.0,125.0,17.0,16.02,40.53,220.30,217.55,board_labeled,canonical_manifest_v1.csv,rectified_crop_boxes_full_scalar_v1.csv
captured_images/capture_2026-04-18_13-40-52.png,111.0,130.0,17.0,14.46,39.19,219.50,218.91,board_labeled,canonical_manifest_v1.csv,rectified_crop_boxes_full_scalar_v1.csv
captured_images/capture_2026-04-18_13-42-44.png,112.0,109.0,17.0,14.86,38.65,219.86,218.83,board_labeled,canonical_manifest_v1.csv,rectified_crop_boxes_full_scalar_v1.csv
captured_images/capture_2026-04-18_13-44-35.png,115.0,135.0,17.0,20.74,37.71,218.40,214.10,board_labeled,canonical_manifest_v1.csv,rectified_crop_boxes_full_scalar_v1.csv
captured_images/capture_2026-04-18_14-51-12.png,121.0,109.0,22.0,23.00,57.64,178.91,180.79,board_labeled,canonical_manifest_v1.csv,rectified_crop_boxes_full_scalar_v1.csv
captured_images/capture_2026-04-18_17-22-32.png,121.0,129.0,31.0,23.00,57.64,178.91,180.79,board_labeled,canonical_manifest_v1.csv,rectified_crop_boxes_full_scalar_v1.csv
captured_images/capture_2026-04-18_17-25-20.png,118.0,145.0,31.0,13.45,35.74,213.50,224.00,board_labeled,canonical_manifest_v1.csv,rectified_crop_boxes_full_scalar_v1.csv
captured_images/capture_2026-04-18_17-26-51.png,124.0,145.0,31.0,24.82,48.11,220.54,224.00,board_labeled,canonical_manifest_v1.csv,rectified_crop_boxes_full_scalar_v1.csv
captured_images/capture_2026-04-18_17-28-23.png,122.0,129.0,31.0,21.91,39.51,213.62,224.00,board_labeled,canonical_manifest_v1.csv,rectified_crop_boxes_full_scalar_v1.csv
captured_images/capture_2026-04-18_17-29-54.png,111.0,139.0,31.0,17.16,35.98,214.86,224.00,board_labeled,canonical_manifest_v1.csv,rectified_crop_boxes_full_scalar_v1.csv
captured_images/capture_2026-04-18_17-31-25.png,111.0,139.0,31.0,19.16,33.60,210.52,224.00,board_labeled,canonical_manifest_v1.csv,rectified_crop_boxes_full_scalar_v1.csv
captured_images/capture_2026-04-18_17-32-57.png,111.0,139.0,31.0,19.21,35.00,212.12,224.00,board_labeled,canonical_manifest_v1.csv,rectified_crop_boxes_full_scalar_v1.csv
captured_images/capture_2026-04-18_17-34-29.png,110.0,139.0,31.0,18.87,34.16,211.50,224.00,board_labeled,canonical_manifest_v1.csv,rectified_crop_boxes_full_scalar_v1.csv
captured_images/capture_2026-04-18_17-36-00.png,115.0,137.0,31.0,21.14,33.25,210.32,224.00,board_labeled,canonical_manifest_v1.csv,rectified_crop_boxes_full_scalar_v1.csv
captured_images/capture_2026-04-18_17-37-31.png,118.0,143.0,31.0,21.72,33.60,210.51,224.00,board_labeled,canonical_manifest_v1.csv,rectified_crop_boxes_full_scalar_v1.csv
captured_images/capture_2026-04-18_17-39-03.png,129.0,142.0,31.0,22.35,35.62,210.17,224.00,board_labeled,canonical_manifest_v1.csv,rectified_crop_boxes_full_scalar_v1.csv
captured_images/capture_2026-04-18_17-40-34.png,122.0,133.0,31.0,22.34,34.64,211.91,224.00,board_labeled,canonical_manifest_v1.csv,rectified_crop_boxes_full_scalar_v1.csv
captured_images/capture_2026-04-18_17-42-06.png,118.0,147.0,31.0,22.84,34.03,210.26,224.00,board_labeled,canonical_manifest_v1.csv,rectified_crop_boxes_full_scalar_v1.csv
captured_images/capture_2026-04-18_17-43-37.png,107.0,139.0,31.0,22.73,33.68,210.41,224.00,board_labeled,canonical_manifest_v1.csv,rectified_crop_boxes_full_scalar_v1.csv
captured_images/capture_2026-04-18_17-45-09.png,107.0,139.0,31.0,22.06,34.55,210.36,224.00,board_labeled,canonical_manifest_v1.csv,rectified_crop_boxes_full_scalar_v1.csv
captured_images/capture_2026-04-18_17-46-40.png,129.0,142.0,31.0,21.84,34.04,210.41,224.00,board_labeled,canonical_manifest_v1.csv,rectified_crop_boxes_full_scalar_v1.csv
captured_images/capture_2026-04-19_12-56-02.png,111.0,143.0,30.0,0,0,224,224,board_labeled,merged_geometry_board_manifest.csv,merged_geometry_board_manifest.csv
captured_images/capture_2026-04-19_12-57-14.png,111.0,143.0,32.0,23.00,57.64,178.91,180.79,board_labeled,canonical_manifest_v1.csv,rectified_crop_boxes_full_scalar_v1.csv
captured_images/capture_2026-04-19_12-58-27.png,110.0,143.0,32.0,23.00,57.64,178.91,180.79,board_labeled,canonical_manifest_v1.csv,rectified_crop_boxes_full_scalar_v1.csv
captured_images/capture_2026-04-19_12-59-39.png,111.0,143.0,32.0,7.89,34.76,217.30,224.00,board_labeled,canonical_manifest_v1.csv,rectified_crop_boxes_full_scalar_v1.csv
captured_images/capture_2026-04-19_13-00-52.png,111.0,143.0,30.0,0,0,224,224,board_labeled,merged_geometry_board_manifest.csv,merged_geometry_board_manifest.csv
captured_images/capture_2026-04-19_13-00-52_preview.png,111.0,143.0,30.0,0,0,224,224,board_labeled,merged_geometry_board_manifest.csv,merged_geometry_board_manifest.csv
captured_images/capture_2026-04-19_13-02-04.png,129.0,147.0,30.0,0,0,224,224,board_labeled,manual_visual_review,manual_visual_review
captured_images/capture_2026-04-19_13-03-17.png,128.0,146.0,30.0,0,0,224,224,board_labeled,manual_visual_review,manual_visual_review
captured_images/capture_2026-04-19_13-04-29.png,111.0,143.0,30.0,0,0,224,224,board_labeled,manual_visual_review,manual_visual_review
captured_images/capture_2026-04-19_13-05-42.png,118.0,157.0,30.0,0,0,224,224,board_labeled,manual_visual_review,manual_visual_review
captured_images/capture_2026-04-19_13-06-55.png,124.0,151.0,30.0,0,0,224,224,board_labeled,manual_visual_review,manual_visual_review
captured_images/capture_2026-04-19_13-08-08.png,129.0,147.0,30.0,0,0,224,224,board_labeled,manual_visual_review,manual_visual_review
captured_images/capture_2026-04-19_13-09-21.png,118.0,148.0,30.0,0,0,224,224,board_labeled,manual_visual_review,manual_visual_review
captured_images/capture_2026-04-19_13-10-33.png,118.0,154.0,30.0,0,0,224,224,board_labeled,manual_visual_review,manual_visual_review
captured_images/capture_2026-04-19_13-10-33_preview.png,118.0,154.0,30.0,0,0,224,224,board_labeled,manual_visual_review,manual_visual_review
captured_images/capture_2026-04-19_13-11-46.png,118.0,149.0,30.0,0,0,224,224,board_labeled,manual_visual_review,manual_visual_review
captured_images/capture_2026-04-19_13-12-59.png,129.0,147.0,30.0,0,0,224,224,board_labeled,manual_visual_review,manual_visual_review
captured_images/capture_2026-04-19_13-14-12.png,112.0,143.0,30.0,0,0,224,224,board_labeled,manual_visual_review,manual_visual_review
captured_images/capture_2026-04-19_13-15-24.png,111.0,143.0,30.0,0,0,224,224,board_labeled,manual_visual_review,manual_visual_review
captured_images/capture_2026-04-19_13-16-37.png,129.0,147.0,30.0,0,0,224,224,board_labeled,manual_visual_review,manual_visual_review
captured_images/capture_2026-04-19_13-17-49.png,129.0,147.0,30.0,0,0,224,224,board_labeled,manual_visual_review,manual_visual_review
captured_images/capture_2026-04-19_13-19-02.png,129.0,147.0,30.0,0,0,224,224,board_labeled,manual_visual_review,manual_visual_review
captured_images/capture_2026-04-19_13-20-14.png,110.0,143.0,30.0,0,0,224,224,board_labeled,manual_visual_review,manual_visual_review
captured_images/capture_2026-04-19_13-21-27.png,118.0,154.0,30.0,0,0,224,224,board_labeled,manual_visual_review,manual_visual_review
captured_images/capture_2026-04-19_13-22-41.png,110.0,143.0,30.0,0,0,224,224,board_labeled,manual_visual_review,manual_visual_review
captured_images/capture_2026-04-19_13-23-53.png,112.0,145.0,30.0,0,0,224,224,board_labeled,manual_visual_review,manual_visual_review
captured_images/capture_2026-04-19_13-25-07.png,118.0,149.0,30.0,0,0,224,224,board_labeled,manual_visual_review,manual_visual_review
captured_images/capture_2026-04-19_13-26-19.png,118.0,149.0,30.0,0,0,224,224,board_labeled,manual_visual_review,manual_visual_review
captured_images/capture_2026-04-19_13-27-33.png,129.0,147.0,30.0,0,0,224,224,board_labeled,manual_visual_review,manual_visual_review
captured_images/capture_2026-04-19_13-28-45.png,112.0,143.0,30.0,0,0,224,224,board_labeled,manual_visual_review,manual_visual_review
captured_images/capture_2026-04-19_13-29-59.png,118.0,152.0,30.0,0,0,224,224,board_labeled,manual_visual_review,manual_visual_review
captured_images/capture_2026-04-19_13-31-12.png,118.0,151.0,30.0,0,0,224,224,board_labeled,manual_visual_review,manual_visual_review
captured_images/capture_2026-04-19_13-32-25.png,123.0,139.0,30.0,0,0,224,224,board_labeled,manual_visual_review,manual_visual_review
captured_images/capture_2026-04-19_13-33-38.png,110.0,143.0,30.0,0,0,224,224,board_labeled,manual_visual_review,manual_visual_review
captured_images/capture_2026-04-19_13-34-50.png,128.0,147.0,30.0,0,0,224,224,board_labeled,manual_visual_review,manual_visual_review
captured_images/capture_2026-04-19_13-36-03.png,128.0,147.0,30.0,0,0,224,224,board_labeled,manual_visual_review,manual_visual_review
captured_images/capture_2026-04-19_13-37-16.png,129.0,147.0,30.0,0,0,224,224,board_labeled,manual_visual_review,manual_visual_review
captured_images/capture_2026-04-19_13-38-29.png,118.0,155.0,30.0,0,0,224,224,board_labeled,manual_visual_review,manual_visual_review
captured_images/capture_2026-04-19_13-39-41.png,128.0,147.0,30.0,0,0,224,224,board_labeled,manual_visual_review,manual_visual_review
captured_images/capture_2026-04-19_13-40-54.png,129.0,147.0,30.0,0,0,224,224,board_labeled,manual_visual_review,manual_visual_review
captured_images/capture_2026-04-19_13-42-07.png,129.0,147.0,30.0,0,0,224,224,board_labeled,manual_visual_review,manual_visual_review
captured_images/capture_2026-04-19_13-43-20.png,129.0,147.0,30.0,0,0,224,224,board_labeled,manual_visual_review,manual_visual_review
captured_images/capture_2026-04-19_13-44-32.png,128.0,148.0,30.0,0,0,224,224,board_labeled,manual_visual_review,manual_visual_review
captured_images/capture_2026-04-19_13-45-45.png,118.0,155.0,30.0,0,0,224,224,board_labeled,manual_visual_review,manual_visual_review
captured_images/capture_2026-04-19_13-45-59.png,110.0,145.0,30.0,0,0,224,224,board_labeled,manual_visual_review,manual_visual_review
captured_images/capture_2026-04-19_16-40-52.png,113.0,148.0,30.0,0,0,224,224,board_labeled,merged_geometry_board_manifest.csv,merged_geometry_board_manifest.csv
captured_images/capture_2026-04-19_16-42-05.png,129.0,148.0,30.0,0,0,224,224,board_labeled,manual_visual_review,manual_visual_review
captured_images/capture_2026-04-19_16-43-18.png,118.0,157.0,30.0,0,0,224,224,board_labeled,manual_visual_review,manual_visual_review
captured_images/capture_2026-04-19_16-44-31.png,124.0,151.0,30.0,0,0,224,224,board_labeled,manual_visual_review,manual_visual_review
captured_images/capture_2026-04-19_16-45-44.png,118.0,155.0,30.0,0,0,224,224,board_labeled,manual_visual_review,manual_visual_review
captured_images/capture_2026-04-19_16-46-57.png,118.0,152.0,30.0,0,0,224,224,board_labeled,manual_visual_review,manual_visual_review
captured_images/capture_2026-04-19_16-48-10.png,111.0,145.0,30.0,0,0,224,224,board_labeled,manual_visual_review,manual_visual_review
captured_images/capture_2026-04-19_16-49-23.png,128.0,148.0,30.0,0,0,224,224,board_labeled,manual_visual_review,manual_visual_review
captured_images/capture_2026-04-19_16-50-36.png,113.0,148.0,30.0,0,0,224,224,board_labeled,manual_visual_review,manual_visual_review
captured_images/capture_2026-04-19_16-51-49.png,110.0,145.0,30.0,0,0,224,224,board_labeled,manual_visual_review,manual_visual_review
captured_images/capture_2026-04-19_16-53-02.png,110.0,145.0,30.0,0,0,224,224,board_labeled,manual_visual_review,manual_visual_review
captured_images/capture_2026-04-19_16-54-15.png,121.0,137.0,30.0,0,0,224,224,board_labeled,manual_visual_review,manual_visual_review
captured_images/capture_2026-04-19_16-55-28.png,113.0,142.0,30.0,0,0,224,224,board_labeled,manual_visual_review,manual_visual_review
captured_images/capture_2026-04-19_16-56-41.png,112.0,145.0,30.0,0,0,224,224,board_labeled,manual_visual_review,manual_visual_review
captured_images/capture_2026-04-19_16-57-54.png,128.0,148.0,30.0,0,0,224,224,board_labeled,manual_visual_review,manual_visual_review
captured_images/capture_2026-04-19_16-59-07.png,121.0,137.0,30.0,0,0,224,224,board_labeled,manual_visual_review,manual_visual_review
captured_images/capture_2026-04-19_17-00-20.png,130.0,149.0,30.0,0,0,224,224,board_labeled,manual_visual_review,manual_visual_review
captured_images/capture_2026-04-19_17-01-33.png,110.0,145.0,30.0,0,0,224,224,board_labeled,manual_visual_review,manual_visual_review
captured_images/capture_2026-04-19_17-02-46.png,118.0,151.0,30.0,0,0,224,224,board_labeled,manual_visual_review,manual_visual_review
captured_images/capture_2026-04-19_17-03-59.png,118.0,157.0,30.0,0,0,224,224,board_labeled,manual_visual_review,manual_visual_review
captured_images/capture_2026-04-19_17-05-12.png,118.0,151.0,30.0,0,0,224,224,board_labeled,manual_visual_review,manual_visual_review
captured_images/capture_2026-04-19_17-06-25.png,130.0,148.0,30.0,0,0,224,224,board_labeled,manual_visual_review,manual_visual_review
captured_images/capture_2026-04-19_17-07-38.png,112.0,145.0,30.0,0,0,224,224,board_labeled,manual_visual_review,manual_visual_review
captured_images/capture_2026-04-19_17-08-51.png,118.0,153.0,30.0,0,0,224,224,board_labeled,manual_visual_review,manual_visual_review
captured_images/capture_2026-04-19_17-10-04.png,118.0,157.0,30.0,0,0,224,224,board_labeled,manual_visual_review,manual_visual_review
captured_images/capture_2026-04-19_17-11-17.png,124.0,151.0,30.0,0,0,224,224,board_labeled,manual_visual_review,manual_visual_review
captured_images/capture_2026-04-19_17-12-30.png,113.0,146.0,30.0,0,0,224,224,board_labeled,manual_visual_review,manual_visual_review
captured_images/capture_2026-04-19_17-12-44.png,118.0,149.0,30.0,0,0,224,224,board_labeled,manual_visual_review,manual_visual_review
captured_images/capture_2026-04-19_18-23-05.png,125.0,148.0,22.0,0,0,224,224,board_labeled,merged_geometry_board_manifest.csv,merged_geometry_board_manifest.csv
captured_images/capture_2026-04-19_18-25-28.png,111.0,145.0,22.0,0,0,224,224,board_labeled,manual_visual_review,manual_visual_review
captured_images/capture_2026-04-19_18-26-41.png,124.0,151.0,22.0,0,0,224,224,board_labeled,manual_visual_review,manual_visual_review
captured_images/capture_2026-04-19_18-27-53.png,129.0,148.0,22.0,0,0,224,224,board_labeled,manual_visual_review,manual_visual_review
captured_images/capture_2026-04-19_18-29-06.png,118.0,155.0,22.0,0,0,224,224,board_labeled,manual_visual_review,manual_visual_review
captured_images/capture_2026-04-19_18-30-19.png,124.0,149.0,22.0,0,0,224,224,board_labeled,manual_visual_review,manual_visual_review
captured_images/capture_2026-04-19_18-31-31.png,128.0,148.0,22.0,0,0,224,224,board_labeled,manual_visual_review,manual_visual_review
captured_images/capture_2026-04-19_18-32-44.png,124.0,149.0,22.0,0,0,224,224,board_labeled,manual_visual_review,manual_visual_review
captured_images/capture_2026-04-19_18-33-56.png,124.0,149.0,22.0,0,0,224,224,board_labeled,manual_visual_review,manual_visual_review
captured_images/capture_2026-04-19_18-35-09.png,129.0,148.0,22.0,0,0,224,224,board_labeled,manual_visual_review,manual_visual_review
captured_images/capture_2026-04-19_18-36-22.png,128.0,147.0,22.0,0,0,224,224,board_labeled,manual_visual_review,manual_visual_review
captured_images/capture_2026-04-19_18-37-34.png,130.0,148.0,22.0,0,0,224,224,board_labeled,manual_visual_review,manual_visual_review
captured_images/capture_2026-04-19_18-38-47.png,118.0,148.0,22.0,0,0,224,224,board_labeled,manual_visual_review,manual_visual_review
captured_images/capture_2026-04-19_18-39-59.png,124.0,149.0,22.0,0,0,224,224,board_labeled,manual_visual_review,manual_visual_review
captured_images/capture_2026-04-19_18-41-12.png,111.0,145.0,22.0,0,0,224,224,board_labeled,manual_visual_review,manual_visual_review
captured_images/capture_2026-04-19_18-42-25.png,128.0,147.0,22.0,0,0,224,224,board_labeled,manual_visual_review,manual_visual_review
captured_images/capture_2026-04-19_18-43-21.png,118.0,154.0,22.0,0,0,224,224,board_labeled,manual_visual_review,manual_visual_review
captured_images/capture_2026-04-19_18-44-34.png,118.0,149.0,22.0,0,0,224,224,board_labeled,manual_visual_review,manual_visual_review
captured_images/capture_2026-04-19_18-45-46.png,129.0,148.0,22.0,0,0,224,224,board_labeled,manual_visual_review,manual_visual_review
captured_images/capture_2026-04-19_18-46-59.png,128.0,147.0,22.0,0,0,224,224,board_labeled,manual_visual_review,manual_visual_review
captured_images/capture_2026-04-19_18-48-12.png,124.0,149.0,22.0,0,0,224,224,board_labeled,manual_visual_review,manual_visual_review
captured_images/capture_2026-04-19_18-48-42.png,118.0,148.0,22.0,0,0,224,224,board_labeled,manual_visual_review,manual_visual_review
captured_images/capture_2026-04-19_18-48-42_preview.png,118.0,148.0,22.0,0,0,224,224,board_labeled,manual_visual_review,manual_visual_review
captured_images/capture_2026-04-19_18-49-54.png,119.0,149.0,22.0,0,0,224,224,board_labeled,manual_visual_review,manual_visual_review
captured_images/capture_2026-04-19_18-51-07.png,128.0,148.0,22.0,0,0,224,224,board_labeled,manual_visual_review,manual_visual_review
captured_images/capture_2026-04-19_18-52-19.png,118.0,154.0,22.0,0,0,224,224,board_labeled,manual_visual_review,manual_visual_review
captured_images/capture_2026-04-19_18-53-38.png,145.0,131.0,35.0,0,0,224,224,board_labeled,merged_geometry_board_manifest.csv,merged_geometry_board_manifest.csv
captured_images/capture_2026-04-19_18-54-51.png,128.0,116.0,35.0,0,0,224,224,board_labeled,manual_visual_review,manual_visual_review
captured_images/capture_2026-04-19_18-56-04.png,115.0,125.0,35.0,0,0,224,224,board_labeled,manual_visual_review,manual_visual_review
captured_images/capture_2026-04-19_18-56-43.png,116.0,119.0,35.0,0,0,224,224,board_labeled,manual_visual_review,manual_visual_review
captured_images/capture_2026-04-19_18-56-43_preview.png,116.0,119.0,35.0,0,0,224,224,board_labeled,manual_visual_review,manual_visual_review
captured_images/capture_2026-04-19_18-57-56.png,128.0,127.0,35.0,0,0,224,224,board_labeled,manual_visual_review,manual_visual_review
captured_images/capture_2026-04-19_19-06-41.png,113.0,129.0,32.0,0,0,224,224,board_labeled,manual_visual_review,manual_visual_review
captured_images/capture_2026-04-19_19-06-41_glare_p32c.png,113.0,129.0,32.0,0,0,224,224,board_labeled,manual_visual_review,manual_visual_review
captured_images/capture_2026-04-19_19-07-54.png,133.0,133.0,32.0,0,0,224,224,board_labeled,manual_visual_review,manual_visual_review
captured_images/capture_2026-04-19_19-07-54_glare_p32c.png,133.0,133.0,32.0,0,0,224,224,board_labeled,manual_visual_review,manual_visual_review
captured_images/capture_2026-04-19_19-09-07.png,129.0,133.0,32.0,0,0,224,224,board_labeled,manual_visual_review,manual_visual_review
captured_images/capture_2026-04-19_19-09-07_glare_p32c.png,129.0,133.0,32.0,0,0,224,224,board_labeled,manual_visual_review,manual_visual_review
captured_images/capture_2026-04-19_19-10-20.png,133.0,133.0,32.0,0,0,224,224,board_labeled,manual_visual_review,manual_visual_review
captured_images/capture_2026-04-19_19-10-20_glare_p32c.png,133.0,133.0,32.0,0,0,224,224,board_labeled,manual_visual_review,manual_visual_review
captured_images/capture_2026-04-19_19-11-33.png,121.0,141.0,32.0,0,0,224,224,board_labeled,manual_visual_review,manual_visual_review
captured_images/capture_2026-04-19_19-11-33_glare_p32c.png,121.0,141.0,32.0,0,0,224,224,board_labeled,manual_visual_review,manual_visual_review
captured_images/capture_2026-04-19_19-12-45.png,119.0,119.0,32.0,0,0,224,224,board_labeled,manual_visual_review,manual_visual_review
captured_images/capture_2026-04-19_19-12-45_glare_p32c.png,119.0,119.0,32.0,0,0,224,224,board_labeled,manual_visual_review,manual_visual_review
captured_images/capture_2026-04-20_16-01-36.png,122.0,122.0,30.0,0,0,224,224,board_labeled,merged_geometry_board_manifest.csv,merged_geometry_board_manifest.csv
captured_images/capture_2026-04-20_16-02-50.png,129.0,131.0,,,,,,center_only,,
captured_images/capture_2026-04-20_16-04-03.png,123.0,127.0,,,,,,center_only,,
captured_images/capture_2026-04-20_16-05-17.png,115.0,121.0,,,,,,center_only,,
captured_images/capture_2026-04-20_16-06-30.png,148.0,119.0,,,,,,center_only,,
captured_images/capture_2026-04-20_16-07-44.png,117.0,122.0,,,,,,center_only,,
captured_images/capture_2026-04-20_16-08-57.png,117.0,121.0,,,,,,center_only,,
captured_images/capture_2026-04-20_16-10-11.png,122.0,122.0,,,,,,center_only,,
captured_images/capture_2026-04-20_16-11-24.png,129.0,131.0,,,,,,center_only,,
captured_images/capture_2026-04-20_16-12-38.png,118.0,121.0,,,,,,center_only,,
captured_images/capture_2026-04-20_16-13-51.png,143.0,119.0,,,,,,center_only,,
captured_images/capture_2026-04-20_16-14-48.png,133.0,107.0,,,,,,center_only,,
captured_images/capture_2026-04-20_16-16-02.png,109.0,133.0,,,,,,center_only,,
captured_images/capture_2026-04-20_16-17-15.png,110.0,131.0,,,,,,center_only,,
captured_images/capture_2026-04-20_16-18-28.png,112.0,111.0,,,,,,center_only,,
captured_images/capture_2026-04-20_16-19-42.png,109.0,131.0,,,,,,center_only,,
captured_images/capture_2026-04-20_16-20-58.png,112.0,113.0,,,,,,center_only,,
captured_images/capture_2026-04-20_16-22-12.png,111.0,112.0,,,,,,center_only,,
captured_images/capture_2026-04-20_19-28-56.png,131.0,125.0,,,,,,center_only,,
captured_images/capture_2026-04-20_19-30-10.png,124.0,129.0,,,,,,center_only,,
captured_images/capture_2026-04-20_19-30-41.png,124.0,129.0,,,,,,center_only,,
captured_images/capture_2026-04-20_19-31-55.png,116.0,135.0,,,,,,center_only,,
captured_images/capture_2026-04-20_19-32-51.png,130.0,127.0,,,,,,center_only,,
captured_images/capture_2026-04-20_19-34-05.png,116.0,139.0,,,,,,center_only,,
captured_images/capture_2026-04-20_19-35-19.png,131.0,125.0,,,,,,center_only,,
captured_images/capture_2026-04-22_07-15-36.png,111.0,123.0,28.0,0,0,224,224,board_labeled,merged_geometry_board_manifest.csv,merged_geometry_board_manifest.csv
captured_images/capture_2026-04-22_07-16-50.png,112.0,121.0,28.0,0,0,224,224,board_labeled,merged_geometry_board_manifest.csv,merged_geometry_board_manifest.csv
captured_images/capture_2026-04-22_07-18-03.png,111.0,124.0,28.0,0,0,224,224,board_labeled,merged_geometry_board_manifest.csv,merged_geometry_board_manifest.csv
captured_images/capture_2026-04-22_07-19-17.png,111.0,123.0,28.0,0,0,224,224,board_labeled,merged_geometry_board_manifest.csv,merged_geometry_board_manifest.csv
captured_images/capture_2026-04-22_07-20-31.png,111.0,123.0,28.0,0,0,224,224,board_labeled,merged_geometry_board_manifest.csv,merged_geometry_board_manifest.csv
captured_images/capture_2026-04-22_07-21-44.png,110.0,121.0,28.0,0,0,224,224,board_labeled,merged_geometry_board_manifest.csv,merged_geometry_board_manifest.csv
captured_images/capture_2026-04-22_07-22-58.png,111.0,125.0,28.0,0,0,224,224,board_labeled,merged_geometry_board_manifest.csv,merged_geometry_board_manifest.csv
captured_images/capture_2026-04-22_07-24-43.png,111.0,124.0,28.0,0,0,224,224,board_labeled,merged_geometry_board_manifest.csv,merged_geometry_board_manifest.csv
captured_images/capture_2026-04-22_07-25-57.png,111.0,107.0,28.0,0,0,224,224,board_labeled,merged_geometry_board_manifest.csv,merged_geometry_board_manifest.csv
captured_images/capture_2026-04-22_07-27-11.png,111.0,107.0,28.0,0,0,224,224,board_labeled,merged_geometry_board_manifest.csv,merged_geometry_board_manifest.csv
captured_images/capture_2026-04-22_07-28-25.png,111.0,124.0,28.0,0,0,224,224,board_labeled,merged_geometry_board_manifest.csv,merged_geometry_board_manifest.csv
captured_images/capture_2026-04-22_07-29-38.png,111.0,107.0,28.0,0,0,224,224,board_labeled,merged_geometry_board_manifest.csv,merged_geometry_board_manifest.csv
captured_images/capture_2026-04-22_07-30-52.png,111.0,124.0,28.0,0,0,224,224,board_labeled,merged_geometry_board_manifest.csv,merged_geometry_board_manifest.csv
captured_images/capture_2026-04-22_07-32-06.png,111.0,123.0,28.0,0,0,224,224,board_labeled,merged_geometry_board_manifest.csv,merged_geometry_board_manifest.csv
captured_images/capture_2026-04-22_07-33-19.png,111.0,107.0,28.0,0,0,224,224,board_labeled,merged_geometry_board_manifest.csv,merged_geometry_board_manifest.csv
captured_images/capture_2026-04-22_07-33-52.png,112.0,124.0,28.0,0,0,224,224,board_labeled,merged_geometry_board_manifest.csv,merged_geometry_board_manifest.csv
captured_images/capture_2026-04-22_07-35-06.png,111.0,127.0,28.0,0,0,224,224,board_labeled,merged_geometry_board_manifest.csv,merged_geometry_board_manifest.csv
captured_images/capture_2026-04-22_07-36-19.png,85.0,19.0,28.0,0,0,224,224,board_labeled,merged_geometry_board_manifest.csv,merged_geometry_board_manifest.csv
captured_images/capture_2026-04-22_07-37-33.png,111.0,104.0,28.0,0,0,224,224,board_labeled,merged_geometry_board_manifest.csv,merged_geometry_board_manifest.csv
captured_images/capture_2026-04-22_07-38-47.png,111.0,123.0,28.0,0,0,224,224,board_labeled,merged_geometry_board_manifest.csv,merged_geometry_board_manifest.csv
captured_images/capture_2026-04-22_07-40-01.png,111.0,122.0,28.0,0,0,224,224,board_labeled,merged_geometry_board_manifest.csv,merged_geometry_board_manifest.csv
captured_images/capture_2026-04-22_07-41-14.png,111.0,127.0,28.0,0,0,224,224,board_labeled,merged_geometry_board_manifest.csv,merged_geometry_board_manifest.csv
captured_images/capture_2026-04-22_07-42-17.png,111.0,127.0,28.0,0,0,224,224,board_labeled,merged_geometry_board_manifest.csv,merged_geometry_board_manifest.csv
captured_images/capture_2026-04-22_07-43-30.png,112.0,107.0,28.0,0,0,224,224,board_labeled,merged_geometry_board_manifest.csv,merged_geometry_board_manifest.csv
captured_images/capture_2026-04-22_07-44-43.png,112.0,122.0,28.0,0,0,224,224,board_labeled,merged_geometry_board_manifest.csv,merged_geometry_board_manifest.csv
captured_images/capture_2026-04-22_07-45-57.png,112.0,122.0,28.0,0,0,224,224,board_labeled,merged_geometry_board_manifest.csv,merged_geometry_board_manifest.csv
captured_images/capture_2026-04-24_22-24-04.png,117.0,122.0,0.0,0,0,224,224,board_labeled,merged_geometry_board_manifest.csv,merged_geometry_board_manifest.csv
captured_images/capture_2026-04-24_22-25-14.png,107.0,122.0,,,,,,center_only,,
captured_images/capture_2026-04-24_22-26-24.png,117.0,122.0,,,,,,center_only,,
captured_images/capture_2026-04-24_22-28-00.png,111.0,115.0,,,,,,center_only,,
captured_images/capture_2026-04-24_22-29-11.png,116.0,122.0,,,,,,center_only,,
captured_images/capture_2026-04-24_22-30-21.png,111.0,115.0,10.0,23.00,57.64,178.91,180.79,board_labeled,rectified_crop_boxes_full_scalar_v1.csv,rectified_crop_boxes_full_scalar_v1.csv
captured_images/capture_2026-04-29_09-34-23.png,116.0,91.0,,,,,,center_only,,
captured_images/capture_2026-04-29_09-35-33.png,116.0,105.0,,,,,,center_only,,
captured_images/capture_2026-04-29_09-36-43.png,116.0,85.0,,,,,,center_only,,
captured_images/capture_2026-04-29_09-37-53.png,117.0,89.0,,,,,,center_only,,
captured_images/capture_2026-04-29_09-39-04.png,117.0,88.0,,,,,,center_only,,
captured_images/capture_2026-04-29_09-40-14.png,117.0,89.0,,,,,,center_only,,
captured_images/capture_2026-04-29_09-41-25.png,113.0,119.0,,,,,,center_only,,
captured_images/capture_2026-04-29_09-42-36.png,115.0,105.0,,,,,,center_only,,
captured_images/capture_2026-04-29_09-43-46.png,117.0,88.0,,,,,,center_only,,
captured_images/capture_2026-04-29_09-44-57.png,116.0,85.0,,,,,,center_only,,
captured_images/capture_2026-04-29_09-45-38.png,116.0,85.0,,,,,,center_only,,
captured_images/capture_2026-04-29_09-46-48.png,116.0,73.0,,,,,,center_only,,
captured_images/capture_2026-04-29_09-47-59.png,112.0,112.0,,,,,,center_only,,
captured_images/capture_2026-04-29_09-49-09.png,100.0,118.0,,,,,,center_only,,
captured_images/capture_2026-04-29_09-50-19.png,117.0,91.0,,,,,,center_only,,
captured_images/capture_2026-04-29_09-51-30.png,116.0,67.0,,,,,,center_only,,
captured_images/capture_2026-04-29_09-52-40.png,116.0,67.0,,,,,,center_only,,
captured_images/capture_2026-04-30_05-51-06.png,116.0,101.0,0.0,0,0,224,224,board_labeled,merged_geometry_board_manifest.csv,merged_geometry_board_manifest.csv
captured_images/capture_2026-04-30_05-52-17.png,116.0,104.0,,,,,,center_only,,
captured_images/capture_2026-04-30_05-53-29.png,116.0,99.0,,,,,,center_only,,
captured_images/capture_2026-04-30_07-00-09.png,116.0,95.0,,,,,,center_only,,
captured_images/capture_2026-04-30_07-01-21.png,122.0,85.0,,,,,,center_only,,
captured_images/capture_2026-04-30_10-01-59.png,107.0,81.0,0.0,0,0,224,224,board_labeled,merged_geometry_board_manifest.csv,merged_geometry_board_manifest.csv
captured_images/capture_2026-04-30_10-03-09.png,98.0,89.0,,,,,,center_only,,
captured_images/capture_2026-04-30_10-04-21.png,112.0,81.0,,,,,,center_only,,
captured_images/capture_2026-04-30_11-48-43.png,106.0,79.0,,,,,,center_only,,
captured_images/capture_2026-04-30_11-49-54.png,116.0,97.0,,,,,,center_only,,
captured_images/capture_2026-04-30_11-51-05.png,113.0,104.0,,,,,,center_only,,
captured_images/capture_2026-04-30_12-19-11.png,123.0,97.0,,,,,,center_only,,
captured_images/capture_2026-04-30_12-20-22.png,104.0,125.0,,,,,,center_only,,
captured_images/capture_2026-04-30_12-21-34.png,115.0,116.0,,,,,,center_only,,
captured_images/capture_2026-04-30_12-45-08.png,116.0,93.0,,,,,,center_only,,
captured_images/capture_2026-04-30_13-08-26.png,133.0,109.0,,,,,,center_only,,
captured_images/capture_2026-04-30_13-09-38.png,116.0,107.0,,,,,,center_only,,
captured_images/capture_2026-04-30_13-10-49.png,125.0,116.0,,,,,,center_only,,
captured_images/capture_2026-04-30_13-12-00.png,116.0,109.0,,,,,,center_only,,
captured_images/capture_2026-04-30_13-13-11.png,125.0,115.0,,,,,,center_only,,
captured_images/capture_2026-04-30_14-02-46.png,101.0,115.0,0.0,0,0,224,224,board_labeled,merged_geometry_board_manifest.csv,merged_geometry_board_manifest.csv
captured_images/capture_2026-04-30_14-03-57.png,107.0,117.0,,,,,,center_only,,
captured_images/capture_2026-04-30_14-05-09.png,121.0,110.0,,,,,,center_only,,
captured_images/capture_2026-04-30_14-05-49.png,98.0,112.0,,,,,,center_only,,
captured_images/capture_2026-04-30_18-50-32.png,125.0,111.0,,,,,,center_only,,
captured_images/capture_2026-04-30_18-51-54.png,125.0,115.0,,,,,,center_only,,
captured_images/capture_2026-04-30_18-53-07.png,127.0,110.0,,,,,,center_only,,
captured_images/capture_2026-04-30_18-54-19.png,125.0,129.0,,,,,,center_only,,
captured_images/capture_2026-04-30_18-55-31.png,127.0,127.0,,,,,,center_only,,
captured_images/capture_2026-04-30_18-56-44.png,127.0,112.0,,,,,,center_only,,
captured_images/capture_2026-04-30_18-57-56.png,125.0,127.0,,,,,,center_only,,
captured_images/capture_2026-04-30_18-59-08.png,125.0,130.0,,,,,,center_only,,
captured_images/capture_2026-04-30_19-00-20.png,125.0,131.0,,,,,,center_only,,
captured_images/capture_2026-04-30_19-01-33.png,129.0,125.0,,,,,,center_only,,
captured_images/capture_2026-04-30_19-02-45.png,127.0,131.0,,,,,,center_only,,
captured_images/capture_2026-04-30_20-07-20.png,92.0,119.0,,,,,,center_only,,
captured_images/capture_2026-04-30_20-08-32.png,87.0,121.0,,,,,,center_only,,
captured_images/capture_2026-04-30_20-09-44.png,91.0,119.0,,,,,,center_only,,
captured_images/capture_2026-04-30_20-10-56.png,115.0,116.0,,,,,,center_only,,
captured_images/capture_2026-04-30_20-12-09.png,91.0,119.0,,,,,,center_only,,
captured_images/capture_2026-04-30_20-13-21.png,89.0,119.0,,,,,,center_only,,
captured_images/capture_2026-05-27_06-00-14.png,104.0,95.0,-10.0,0,0,224,224,board_labeled,merged_geometry_board_manifest.csv,merged_geometry_board_manifest.csv
captured_images/capture_2026-05-27_06-01-47.png,110.0,105.0,,,,,,center_only,,
captured_images/capture_2026-05-27_06-20-11.png,117.0,131.0,,,,,,center_only,,
captured_images/capture_2026-05-27_06-22-02.png,106.0,124.0,,,,,,center_only,,
captured_images/capture_2026-05-27_06-25-24.png,133.0,141.0,,,,,,center_only,,
captured_images/capture_2026-05-27_06-27-10.png,130.0,141.0,,,,,,center_only,,
captured_images/capture_2026-05-27_06-28-56.png,115.0,137.0,,,,,,center_only,,
captured_images/capture_2026-05-27_06-30-42.png,110.0,137.0,,,,,,center_only,,
captured_images/capture_2026-05-27_07-03-51.png,105.0,123.0,,,,,,center_only,,
captured_images/capture_2026-05-27_07-05-35.png,106.0,122.0,,,,,,center_only,,
captured_images/capture_2026-05-27_07-07-22.png,111.0,131.0,,,,,,center_only,,
captured_images/capture_2026-05-27_16-26-51.png,111.0,124.0,0.0,0,0,224,224,board_labeled,merged_geometry_board_manifest.csv,merged_geometry_board_manifest.csv
captured_images/capture_2026-05-27_16-28-47.png,103.0,127.0,,,,,,center_only,,
captured_images/capture_2026-05-27_16-30-43.png,107.0,133.0,,,,,,center_only,,
captured_images/capture_2026-05-27_16-32-39.png,107.0,133.0,,,,,,center_only,,
captured_images/capture_2026-05-27_16-34-35.png,111.0,125.0,,,,,,center_only,,
captured_images/capture_2026-05-27_16-36-33.png,103.0,127.0,,,,,,center_only,,
captured_images/capture_2026-05-27_16-38-29.png,103.0,124.0,,,,,,center_only,,
captured_images/capture_2026-05-27_16-40-25.png,112.0,125.0,,,,,,center_only,,
captured_images/capture_2026-05-27_16-42-22.png,107.0,113.0,,,,,,center_only,,
captured_images/capture_2026-05-27_16-44-18.png,111.0,124.0,,,,,,center_only,,
captured_images/capture_2026-05-27_16-46-14.png,103.0,124.0,,,,,,center_only,,
captured_images/capture_2026-05-27_16-48-07.png,107.0,135.0,,,,,,center_only,,
captured_images/capture_2026-05-27_16-50-03.png,101.0,125.0,,,,,,center_only,,
captured_images/capture_2026-05-27_16-52-00.png,103.0,124.0,,,,,,center_only,,
captured_images/capture_2026-05-27_16-53-57.png,107.0,135.0,,,,,,center_only,,
captured_images/capture_2026-05-27_16-55-54.png,103.0,127.0,,,,,,center_only,,
captured_images/capture_2026-05-27_16-57-51.png,107.0,135.0,,,,,,center_only,,
captured_images/capture_2026-05-27_16-59-51.png,112.0,125.0,,,,,,center_only,,
captured_images/capture_2026-05-27_17-01-46.png,101.0,127.0,,,,,,center_only,,
captured_images/capture_2026-05-27_19-17-31.png,100.0,119.0,,,,,,center_only,,
captured_images/capture_2026-05-27_19-20-20.png,118.0,117.0,,,,,,center_only,,
captured_images/capture_2026-05-27_19-22-15.png,111.0,124.0,,,,,,center_only,,
captured_images/capture_2026-06-07_10-36-02_view.png,160.0,160.0,,,,,,center_only,,
captured_images/capture_2026-06-07_10-37-41_view.png,160.0,160.0,,,,,,center_only,,
captured_images/capture_2026-06-07_10-39-21_view.png,160.0,160.0,,,,,,center_only,,
captured_images/capture_2026-06-07_10-41-01_view.png,160.0,160.0,,,,,,center_only,,
captured_images/capture_2026-06-07_10-42-41_view.png,160.0,160.0,,,,,,center_only,,
captured_images/capture_2026-06-07_10-44-20_view.png,109.9,144.0,,,,,,center_only,,
captured_images/capture_2026-06-07_10-46-16_view.png,111.1,140.7,,,,,,center_only,,
captured_images/capture_2026-06-07_10-47-56_view.png,160.0,160.0,,,,,,center_only,,
captured_images/capture_2026-06-07_10-49-36_view.png,160.0,160.0,,,,,,center_only,,
captured_images/capture_2026-06-07_10-51-16_view.png,122.5,131.9,,,,,,center_only,,
captured_images/capture_2026-06-07_10-52-55_view.png,160.0,160.0,,,,,,center_only,,
captured_images/capture_2026-06-07_10-54-35_view.png,160.0,160.0,,,,,,center_only,,
captured_images/capture_2026-06-07_10-56-15_view.png,160.0,160.0,,,,,,center_only,,
captured_images/capture_2026-06-07_10-57-55_view.png,160.0,160.0,,,,,,center_only,,
captured_images/capture_2026-06-07_11-00-00_view.png,100.0,118.0,,,,,,center_only,,
captured_images/capture_2026-06-07_11-01-40_view.png,160.0,160.0,,,,,,center_only,,
captured_images/capture_2026-06-07_11-03-20_view.png,160.0,160.0,,,,,,center_only,,
captured_images/capture_2026-06-07_11-05-00_view.png,160.0,160.0,,,,,,center_only,,
captured_images/capture_2026-06-07_11-06-40_view.png,160.0,160.0,,,,,,center_only,,
captured_images/capture_2026-06-07_11-08-20_view.png,160.0,160.0,,,,,,center_only,,
captured_images/capture_2026-06-07_11-09-59_view.png,160.0,160.0,,,,,,center_only,,
captured_images/capture_2026-06-07_11-12-03_view.png,160.0,160.0,,,,,,center_only,,
captured_images/capture_2026-06-07_11-13-43_view.png,160.0,160.0,,,,,,center_only,,
captured_images/capture_2026-06-07_11-15-23_view.png,160.0,160.0,,,,,,center_only,,
captured_images/capture_2026-06-08_20-24-27_debug.png,160.0,160.0,,,,,,center_only,,
captured_images/capture_2026-06-08_20-24-27_polar_diag.png,100.0,118.0,,,,,,center_only,,
captured_images/capture_latest.png,100.0,118.0,,,,,,center_only,,
captured_images/capture_m10c.png,125.0,115.0,-10.0,0,0,1372,1827,board_labeled,merged_geometry_board_manifest.csv,merged_geometry_board_manifest.csv
captured_images/capture_m10c_preview.png,125.0,115.0,-10.0,0,0,1372,1827,board_labeled,merged_geometry_board_manifest.csv,merged_geometry_board_manifest.csv
captured_images/capture_m18c.png,117.0,125.0,-18.0,0,0,224,224,board_labeled,merged_geometry_board_manifest.csv,merged_geometry_board_manifest.csv
captured_images/capture_m19c.png,103.0,106.0,-19.0,0,0,224,224,board_labeled,merged_geometry_board_manifest.csv,merged_geometry_board_manifest.csv
captured_images/capture_m30c.png,139.0,101.0,-30.0,0,0,224,224,board_labeled,merged_geometry_board_manifest.csv,merged_geometry_board_manifest.csv
captured_images/capture_m30c_preview.png,139.0,103.0,-30.0,0,0,224,224,board_labeled,merged_geometry_board_manifest.csv,merged_geometry_board_manifest.csv
captured_images/capture_p10c.png,136.0,137.0,10.0,0,0,224,224,board_labeled,merged_geometry_board_manifest.csv,merged_geometry_board_manifest.csv
captured_images/capture_p10c_preview.png,135.0,136.0,10.0,0,0,224,224,board_labeled,merged_geometry_board_manifest.csv,merged_geometry_board_manifest.csv
captured_images/capture_p20c.png,128.0,119.0,20.0,0,0,224,224,board_labeled,merged_geometry_board_manifest.csv,merged_geometry_board_manifest.csv
captured_images/capture_p20c_preview.png,128.0,119.0,20.0,0,0,224,224,board_labeled,merged_geometry_board_manifest.csv,merged_geometry_board_manifest.csv
captured_images/capture_p30c.png,109.0,98.0,30.0,0,0,1389,1850,board_labeled,merged_geometry_board_manifest.csv,merged_geometry_board_manifest.csv
captured_images/capture_p35c.png,109.0,124.0,35.0,0,0,1359,1810,board_labeled,merged_geometry_board_manifest.csv,merged_geometry_board_manifest.csv
captured_images/capture_p35c_preview.png,113.0,119.0,35.0,0,0,1359,1810,board_labeled,merged_geometry_board_manifest.csv,merged_geometry_board_manifest.csv
captured_images/capture_p45c.png,109.0,93.0,45.0,0,0,224,224,board_labeled,merged_geometry_board_manifest.csv,merged_geometry_board_manifest.csv
captured_images/capture_p50c.png,109.0,101.0,50.0,0,0,224,224,board_labeled,merged_geometry_board_manifest.csv,merged_geometry_board_manifest.csv
captured_images/capture_p50c_preview.png,109.0,103.0,50.0,0,0,224,224,board_labeled,merged_geometry_board_manifest.csv,merged_geometry_board_manifest.csv
captured_images/capture_p5c.png,111.0,110.0,5.0,0,0,224,224,board_labeled,merged_geometry_board_manifest.csv,merged_geometry_board_manifest.csv
captured_images/crop_13-00-52.png,155.0,123.0,30.0,0,0,224,224,board_labeled,merged_geometry_board_manifest.csv,merged_geometry_board_manifest.csv
captured_images/crop_18-53-38.png,155.0,123.0,35.0,0,0,224,224,board_labeled,merged_geometry_board_manifest.csv,merged_geometry_board_manifest.csv
captured_images/crop_18-54-51.png,100.0,118.0,,,,,,center_only,,
captured_images/show_13-00-52.png,100.0,118.0,30.0,0,0,224,224,board_labeled,merged_geometry_board_manifest.csv,merged_geometry_board_manifest.csv
captured_images/show_13-10-33.png,100.0,118.0,,,,,,center_only,,
captured_images/show_18-53-38.png,130.0,115.0,35.0,0,0,224,224,board_labeled,merged_geometry_board_manifest.csv,merged_geometry_board_manifest.csv
captured_images/show_18-54-51.png,100.0,118.0,,,,,,center_only,,
captured_images/show_18-56-43.png,100.0,118.0,,,,,,center_only,,
captured_images/show_9-06-41.png,100.0,118.0,,,,,,center_only,,
captured_images/show_9-07-54.png,100.0,118.0,,,,,,center_only,,
captured_images/show_9-09-07.png,100.0,118.0,,,,,,center_only,,
captured_images/show_9-10-20.png,100.0,118.0,,,,,,center_only,,
captured_images/show_9-11-33.png,100.0,118.0,,,,,,center_only,,
captured_images/show_9-12-45.png,100.0,118.0,,,,,,center_only,,
